mots actifs eligibles,,,,,,,,,
1 mai 2023 - 31 mai 2023,,,,,,,,,
Mot clé pour le Réseau de Recherche,Code de la devise,Éligible_Conversions,Éligible_Coût/conv.,Éligible_Taux de conv.,Éligible_Clics,Éligible_Impr.,Éligible_Coût,Éligible_CTR,Éligible_CPC moy.
+abonnement +magazine +télé,EUR,0,--,0%,10,71,"4,34","14,08%","0,43"
+abonnement +magazine +tv,EUR,"0,02","832,84","0,05%",28,251,"12,77","11,16%","0,46"
+abonnement +programme +tele,EUR,0,--,0%,1,18,"0,25","5,56%","0,25"
+abonnement +programme +tv,EUR,0,--,0%,13,59,"7,16","22,03%","0,55"
+fae +abonnement,EUR,"11,1","6,95","3,89%",285,451,"77,19","63,19%","0,27"
+fae +reduction,EUR,0,--,0%,2,2,"0,68",100%,"0,34"
+kiosque +abonnement,EUR,0,--,0%,0,30,0,0%,--
+magazine +programme +tv,EUR,0,--,0%,15,306,"7,36","4,9%","0,49"
+magazine +tv +abonnement,EUR,0,--,0%,3,30,"1,8",10%,"0,6"
+programme +tv +abonnement,EUR,0,--,0%,3,22,"1,19","13,64%","0,4"
abo lepoint,EUR,0,--,0%,1,31,"0,27","3,23%","0,27"
abonement enfant,EUR,0,--,0%,0,2,0,0%,--
abonnement 01 net,EUR,0,--,0%,5,46,"1,29","10,87%","0,26"
abonnement 01net,EUR,0,--,0%,5,73,"2,4","6,85%","0,48"
abonnement 01net pas cher,EUR,0,--,0%,2,7,"2,32","28,57%","1,16"
abonnement actualité,EUR,0,--,0%,22,280,"4,79","7,86%","0,22"
abonnement adl partner,EUR,0,--,0%,1,32,"0,42","3,13%","0,42"
abonnement ado,EUR,0,--,0%,5,54,"2,65","9,26%","0,53"
abonnement adolescent,EUR,0,--,0%,2,22,"1,07","9,09%","0,54"
abonnement auto moto,EUR,2,"7,51","7,41%",27,129,"15,01","20,93%","0,56"
abonnement auto moto pas cher,EUR,0,--,0%,0,20,0,0%,--
abonnement bd enfant,EUR,0,--,0%,0,2,0,0%,--
abonnement bd jeunesse,EUR,0,--,0%,4,28,"1,66","14,29%","0,42"
abonnement beaux arts magazine,EUR,0,--,0%,6,98,"3,72","6,12%","0,62"
abonnement biba,EUR,"0,5","33,02","2,27%",22,133,"16,51","16,54%","0,75"
abonnement box ado,EUR,0,--,0%,0,0,0,0%,--
abonnement box enfant,EUR,0,--,0%,1,5,"0,12",20%,"0,12"
abonnement cheval magazine,EUR,1,"15,99",4%,25,106,"15,99","23,58%","0,64"
abonnement ciel et espace,EUR,2,"19,14","4,08%",49,191,"38,28","25,65%","0,78"
abonnement elle a table,EUR,0,--,0%,0,15,0,0%,--
abonnement elle decoration,EUR,"2,51","3,87","16,77%",15,92,"9,74","16,3%","0,65"
abonnement enfance,EUR,0,--,0%,4,78,"2,63","5,13%","0,66"
abonnement enfant,EUR,0,--,0%,3,71,"1,7","4,23%","0,57"
abonnement enfant magazine,EUR,0,--,0%,2,61,"1,57","3,28%","0,79"
abonnement enfants,EUR,0,--,0%,5,53,"2,3","9,43%","0,46"
abonnement esprit yoga,EUR,"0,99","5,53","7,06%",14,53,"5,46","26,42%","0,39"
abonnement express,EUR,0,--,0%,10,124,"7,38","8,06%","0,74"
abonnement fae,EUR,0,--,0%,0,0,0,0%,--
abonnement fae,EUR,"0,83","6,14","5,16%",16,35,"5,07","45,71%","0,32"
abonnement feminin,EUR,0,--,0%,11,78,"5,07","14,1%","0,46"
abonnement france abonnement,EUR,0,--,0%,14,30,"7,89","46,67%","0,56"
abonnement france entreprise,EUR,0,--,0%,37,89,"26,79","41,57%","0,72"
abonnement genealogie,EUR,0,--,0%,0,9,0,0%,--
abonnement geo ado,EUR,0,--,0%,0,0,0,0%,--
abonnement géo ado,EUR,0,--,0%,0,8,0,0%,--
abonnement geo ado pas cher,EUR,0,--,0%,0,1,0,0%,--
abonnement golf magazine,EUR,0,--,0%,5,39,"3,46","12,82%","0,69"
abonnement grands reportages,EUR,0,--,0%,0,9,0,0%,--
abonnement happinez,EUR,"1,32","10,41","5,28%",25,80,"13,74","31,25%","0,55"
abonnement hebdomadaire enfant,EUR,0,--,0%,2,27,"0,46","7,41%","0,23"
abonnement home magazine,EUR,1,"4,91","14,29%",7,36,"4,91","19,44%","0,7"
abonnement jeunesse,EUR,0,--,0%,15,134,"5,6","11,19%","0,37"
abonnement journal ado,EUR,0,--,0%,0,0,0,0%,--
abonnement journal des enfants,EUR,0,--,0%,0,29,0,0%,--
abonnement journal enfant,EUR,0,--,0%,1,34,"0,59","2,94%","0,59"
abonnement journal feminin,EUR,0,--,0%,0,1,0,0%,--
abonnement junior,EUR,0,--,0%,10,70,"3,62","14,29%","0,36"
abonnement kiosque,EUR,0,--,0%,26,567,"8,39","4,59%","0,32"
abonnement kiosque fae,EUR,0,--,0%,10,26,"3,84","38,46%","0,38"
abonnement l ami des jardins pas cher,EUR,3,"5,08",12%,25,216,"15,24","11,57%","0,61"
abonnement l express,EUR,0,--,0%,10,120,"6,46","8,33%","0,65"
abonnement l express papier,EUR,0,--,0%,1,14,"0,85","7,14%","0,85"
abonnement l express pas cher,EUR,0,--,0%,9,47,"5,93","19,15%","0,66"
abonnement le cycle,EUR,"3,37","7,35","18,73%",18,75,"24,79",24%,"1,38"
abonnement le cycle pas cher,EUR,1,"2,6",50%,2,14,"2,6","14,29%","1,3"
abonnement le journal des enfants,EUR,0,--,0%,0,0,0,0%,--
abonnement le monde des ado,EUR,0,--,0%,1,3,"0,45","33,33%","0,45"
abonnement le monde des ados,EUR,0,--,0%,0,3,0,0%,--
abonnement le monde du camping car,EUR,0,--,0%,0,0,0,0%,--
abonnement le point,EUR,0,--,0%,0,1,0,0%,--
abonnement le point,EUR,0,--,0%,33,640,"23,99","5,16%","0,73"
abonnement le point pas cher,EUR,"0,37","7,88","5,31%",7,104,"2,93","6,73%","0,42"
abonnement lecture enfant,EUR,0,--,0%,0,22,0,0%,--
abonnement lecture enfants,EUR,0,--,0%,0,5,0,0%,--
abonnement lecture jeunesse,EUR,0,--,0%,0,15,0,0%,--
abonnement lepoint,EUR,0,--,0%,3,19,"0,65","15,79%","0,22"
abonnement livre ado,EUR,0,--,0%,2,30,"0,59","6,67%","0,3"
abonnement livre enfant,EUR,0,--,0%,2,64,"1,04","3,13%","0,52"
abonnement livre jeunesse,EUR,0,--,0%,7,33,"3,45","21,21%","0,49"
abonnement livré jeunesse,EUR,0,--,0%,0,0,0,0%,--
abonnement livre jeunesse ecole des loisirs,EUR,0,--,0%,0,1,0,0%,--
abonnement livre pour enfant,EUR,0,--,0%,1,22,"0,32","4,55%","0,32"
abonnement livre pour enfants,EUR,0,--,0%,1,35,"0,44","2,86%","0,44"
abonnement livres enfant,EUR,0,--,0%,0,2,0,0%,--
abonnement livres enfants,EUR,0,--,0%,6,81,"2,26","7,41%","0,38"
abonnement livres jeunesse,EUR,0,--,0%,5,54,"1,21","9,26%","0,24"
abonnement magazine actualité,EUR,"1,5","3,53","7,89%",19,211,"5,3",9%,"0,28"
abonnement magazine ado,EUR,0,--,0%,10,103,"3,61","9,71%","0,36"
abonnement magazine ado fille,EUR,0,--,0%,2,29,"0,55","6,9%","0,28"
abonnement magazine adolescent,EUR,0,--,0%,6,64,"2,56","9,38%","0,43"
abonnement magazine ados,EUR,0,--,0%,0,0,0,0%,--
abonnement magazine auto moto,EUR,0,--,0%,3,40,"2,18","7,5%","0,73"
abonnement magazine beaux arts,EUR,1,"7,1","12,5%",8,65,"7,1","12,31%","0,89"
abonnement magazine cheval,EUR,"0,18","35,66","0,99%",18,174,"6,37","10,34%","0,35"
abonnement magazine elle decoration,EUR,0,--,0%,1,8,"0,48","12,5%","0,48"
abonnement magazine enfance,EUR,0,--,0%,5,51,"2,14","9,8%","0,43"
abonnement magazine enfance pas cher,EUR,0,--,0%,0,0,0,0%,--
abonnement magazine enfant,EUR,0,--,0%,29,375,"18,17","7,73%","0,63"
abonnement magazine enfants,EUR,0,--,0%,3,39,"1,11","7,69%","0,37"
abonnement magazine feminin,EUR,0,--,0%,10,78,"7,88","12,82%","0,79"
abonnement magazine féminin,EUR,"0,92","34,71","1,59%",58,454,"31,98","12,78%","0,55"
abonnement magazine femme,EUR,0,--,"0,06%",7,100,"2,17",7%,"0,31"
abonnement magazine femme 60 ans,EUR,0,--,0%,2,11,"0,8","18,18%","0,4"
abonnement magazine golf,EUR,0,--,0%,5,32,"4,11","15,63%","0,82"
abonnement magazine happinez,EUR,0,--,0%,0,0,0,0%,--
abonnement magazine jeune,EUR,0,--,0%,1,36,"0,29","2,78%","0,29"
abonnement magazine jeunesse,EUR,2,"20,17","2,6%",77,897,"40,33","8,58%","0,52"
abonnement magazine jeunesse animaux,EUR,0,--,0%,0,0,0,0%,--
abonnement magazine jeunesse fille,EUR,0,--,0%,6,26,"5,83","23,08%","0,97"
abonnement magazine jeunesse pas cher,EUR,0,--,0%,11,42,"4,81","26,19%","0,44"
abonnement magazine jeunesse science,EUR,0,--,0%,0,0,0,0%,--
abonnement magazine junior,EUR,0,--,0%,0,22,0,0%,--
abonnement magazine le point,EUR,0,--,0%,8,140,"7,23","5,71%","0,9"
abonnement magazine maxi,EUR,0,--,0%,33,208,"23,73","15,87%","0,72"
abonnement magazine petite enfance,EUR,0,--,0%,0,0,0,0%,--
abonnement magazine pour enfant,EUR,0,--,0%,4,31,"1,67","12,9%","0,42"
abonnement magazine premiere,EUR,0,--,0%,2,41,"1,93","4,88%","0,97"
abonnement magazine respire,EUR,3,"2,79","21,43%",14,39,"8,37","35,9%","0,6"
abonnement magazine télé,EUR,0,--,0%,26,298,"13,51","8,72%","0,52"
abonnement magazine télé,EUR,0,--,0%,15,81,"8,31","18,52%","0,55"
abonnement magazine tele cable sat,EUR,0,--,0%,7,31,"5,37","22,58%","0,77"
abonnement magazine télévision,EUR,0,--,0%,3,17,"1,8","17,65%","0,6"
abonnement magazine tv,EUR,0,--,0%,11,62,"7,97","17,74%","0,72"
abonnement magazine tv,EUR,1,"8,91","7,14%",14,80,"8,91","17,5%","0,64"
abonnement magazine tv pas cher,EUR,0,--,0%,13,120,"6,75","10,83%","0,52"
abonnement magazines enfant,EUR,0,--,0%,3,32,"2,09","9,38%","0,7"
abonnement magazines enfants,EUR,1,"1,2",25%,4,45,"1,2","8,89%","0,3"
abonnement magazines féminins,EUR,0,--,0%,11,104,5,"10,58%","0,45"
abonnement magazines jeunesse,EUR,0,--,0%,5,30,"3,03","16,67%","0,61"
abonnement maxi,EUR,"1,07","37,52","1,84%",58,329,"40,06","17,63%","0,69"
abonnement maxi pas cher,EUR,1,"15,1","5,26%",19,86,"15,1","22,09%","0,79"
abonnement mensuel enfant,EUR,0,--,0%,0,14,0,0%,--
abonnement mickey parade,EUR,0,--,0%,5,48,"2,6","10,42%","0,52"
abonnement mieux vivre,EUR,0,--,0%,30,137,"22,25","21,9%","0,74"
abonnement mieux vivre votre argent,EUR,0,--,0%,62,293,"39,67","21,16%","0,64"
abonnement mieux vivre votre argent 15 €,EUR,0,--,0%,1,1,"0,92",100%,"0,92"
abonnement mieux vivre votre argent pas cher,EUR,0,--,0%,11,51,"4,74","21,57%","0,43"
abonnement monde des ados,EUR,0,--,0%,0,0,0,0%,--
abonnement moto journal,EUR,0,--,0%,14,68,"8,3","20,59%","0,59"
abonnement moto journal pas cher,EUR,0,--,0%,0,0,0,0%,--
abonnement onze mondial,EUR,0,--,0%,18,77,"25,91","23,38%","1,44"
abonnement politis,EUR,0,--,0%,6,30,"3,03",20%,"0,51"
abonnement pour ado,EUR,0,--,0%,0,19,0,0%,--
abonnement pour enfant,EUR,0,--,0%,6,39,"1,36","15,38%","0,23"
abonnement pour enfants,EUR,0,--,0%,3,32,"1,24","9,38%","0,41"
abonnement premiere,EUR,0,--,0%,7,55,"7,72","12,73%","1,1"
abonnement presse enfance,EUR,0,--,0%,3,30,"0,58",10%,"0,19"
abonnement presse enfant,EUR,0,--,0%,3,63,"1,96","4,76%","0,65"
abonnement presse jeunesse,EUR,0,--,0%,5,56,"2,1","8,93%","0,42"
abonnement presse jeunesse pas cher,EUR,0,--,0%,0,0,0,0%,--
abonnement programme tele,EUR,0,--,0%,8,70,"4,07","11,43%","0,51"
abonnement programme tele,EUR,0,--,0%,12,57,"6,95","21,05%","0,58"
abonnement programme tv,EUR,0,--,0%,9,87,"5,49","10,34%","0,61"
abonnement programme tv,EUR,0,--,0%,33,189,"23,63","17,46%","0,72"
abonnement programme tv pas cher,EUR,0,--,0%,33,275,"21,55",12%,"0,65"
abonnement psychologie positive,EUR,0,--,0%,1,1,"0,45",100%,"0,45"
abonnement respire,EUR,2,"0,91",50%,4,13,"1,82","30,77%","0,46"
abonnement retro,EUR,0,--,0%,3,17,"2,14","17,65%","0,71"
abonnement revue ado,EUR,0,--,0%,4,57,"1,51","7,02%","0,38"
abonnement revue enfance,EUR,0,--,0%,1,16,"0,17","6,25%","0,17"
abonnement revue enfant,EUR,0,--,0%,15,167,"5,12","8,98%","0,34"
abonnement revue enfants,EUR,0,--,0%,3,41,"1,4","7,32%","0,47"
abonnement revue femme,EUR,1,"13,5","3,57%",28,166,"13,5","16,87%","0,48"
abonnement revue jeunesse,EUR,0,--,0%,61,600,"26,05","10,17%","0,43"
abonnement revues enfants,EUR,0,--,0%,0,6,0,0%,--
abonnement revues jeunesse,EUR,0,--,0%,1,28,"0,15","3,57%","0,15"
abonnement roman jeunesse,EUR,0,--,0%,0,1,0,0%,--
abonnement simple things,EUR,0,--,0%,1,12,"0,33","8,33%","0,33"
abonnement sorcières,EUR,0,--,0%,0,14,0,0%,--
abonnement tele 7jours,EUR,3,"12,38","7,32%",41,234,"37,14","17,52%","0,91"
abonnement tele cable sat,EUR,"6,45","9,76","12,65%",51,194,"62,97","26,29%","1,23"
abonnement télé cable sat,EUR,0,--,0%,14,73,"16,69","19,18%","1,19"
abonnement tele cable sat moins cher,EUR,0,--,0%,1,2,"0,66",50%,"0,66"
abonnement télé cable sat moins cher,EUR,1,"37,44","2,86%",35,112,"37,44","31,25%","1,07"
abonnement télé câble sat moins cher,EUR,1,"24,3","5,88%",17,37,"24,3","45,95%","1,43"
abonnement telecable sat,EUR,"3,5","14,22","8,97%",39,123,"49,76","31,71%","1,28"
abonnement telecablesat,EUR,0,--,0%,13,71,"13,6","18,31%","1,05"
abonnement telecablesat pas cher,EUR,4,"5,49",20%,20,59,"21,97","33,9%","1,1"
abonnement time,EUR,0,--,0%,2,27,"3,81","7,41%","1,91"
abonnement time magazine,EUR,1,"4,45","12,5%",8,48,"4,45","16,67%","0,56"
abonnement times,EUR,1,"6,96","16,67%",6,47,"6,96","12,77%","1,16"
abonnement times magazine,EUR,0,--,0%,2,24,"1,45","8,33%","0,73"
abonnement topgear,EUR,1,"2,33",50%,2,20,"2,33",10%,"1,17"
abonnement tv cable sat,EUR,0,--,0%,15,75,"14,39",20%,"0,96"
abonnement valeurs actuelles,EUR,0,--,0%,1,2,"0,21",50%,"0,21"
abonnement valeurs actuelles,EUR,0,--,0%,25,200,"11,36","12,5%","0,45"
abonnement valeurs actuelles pas cher,EUR,0,--,0%,12,107,"10,05","11,21%","0,84"
abonnement valeurs actuelles promo,EUR,0,--,0%,0,12,0,0%,--
abonnement yoga magazine,EUR,0,--,0%,0,2,0,0%,--
abonnements enfant,EUR,0,--,0%,2,22,"0,62","9,09%","0,31"
abonnements enfants,EUR,0,--,0%,6,56,"3,51","10,71%","0,59"
abonnements livres jeunesse,EUR,0,--,0%,0,0,0,0%,--
abonnements magazine jeunesse,EUR,0,--,0%,1,8,"0,34","12,5%","0,34"
abonnements magazines enfants,EUR,0,--,0%,7,33,"3,23","21,21%","0,46"
abonnements magazines jeunesse,EUR,0,--,0%,1,40,"0,4","2,5%","0,4"
abonnements magazines pour enfants,EUR,0,--,0%,2,13,"0,56","15,38%","0,28"
abonnements revues jeunesse,EUR,0,--,0%,2,26,"1,33","7,69%","0,67"
adlpartner abonnement,EUR,0,--,0%,38,315,"16,67","12,06%","0,44"
Anagrammes fleches,EUR,0,--,0%,0,0,0,0%,--
auto moto abonnement,EUR,0,--,0%,5,29,"3,24","17,24%","0,65"
auto moto magazine,EUR,0,--,0%,5,55,"6,07","9,09%","1,21"
beaux arts abonnement,EUR,0,--,0%,2,26,"1,25","7,69%","0,63"
beaux arts magazine abonnement,EUR,0,--,0%,3,90,"1,66","3,33%","0,55"
cheval magazine,EUR,1,"53,14","0,92%",109,1063,"53,14","10,25%","0,49"
cheval magazine abonnement,EUR,"0,18","81,79","0,54%",33,113,"14,61","29,2%","0,44"
clients fae fr,EUR,0,--,0%,9,45,"3,48",20%,"0,39"
code fae,EUR,3,"5,19","14,29%",21,71,"15,56","29,58%","0,74"
code france abonnement,EUR,4,"26,92","6,78%",59,183,"107,69","32,24%","1,83"
code kiosque fae,EUR,0,--,0%,24,83,"12,67","28,92%","0,53"
code promo abonnement paris match,EUR,0,--,0%,0,0,0,0%,--
code promo abonnement paris match,EUR,0,--,0%,0,0,0,0%,--
code promo fae,EUR,0,--,0%,7,31,"5,28","22,58%","0,75"
code promo fae abonnement,EUR,"0,04","260,09","0,18%",24,68,"11,25","35,29%","0,47"
code promo france abonnement,EUR,"2,5","53,84","3,25%",77,213,"134,61","36,15%","1,75"
code promo france abonnement,EUR,"0,5","45,05","3,85%",13,31,"22,52","41,94%","1,73"
code promo france abonnement entreprise,EUR,0,--,0%,11,21,"14,94","52,38%","1,36"
code promo kiosque fae,EUR,"0,5","10,64",5%,10,43,"5,32","23,26%","0,53"
code reduction fae,EUR,0,--,0%,4,18,"2,24","22,22%","0,56"
code reduction france abonnement,EUR,"3,5","14,3","15,91%",22,46,"50,04","47,83%","2,27"
elle à table abonnement,EUR,0,--,0%,2,16,"0,86","12,5%","0,43"
elle decoration abonnement,EUR,0,--,0%,5,21,"2,17","23,81%","0,43"
elle décoration abonnement,EUR,1,"6,82","8,33%",12,73,"6,82","16,44%","0,57"
enfance magazine,EUR,0,--,0%,1,11,"0,28","9,09%","0,28"
enfance revue,EUR,0,--,0%,0,0,0,0%,--
enfant magazine,EUR,0,--,0%,1,25,"0,38",4%,"0,38"
enfants magazine,EUR,0,--,0%,1,17,"0,26","5,88%","0,26"
express magazine abonnement,EUR,0,--,0%,0,0,0,0%,--
fae abonnements,EUR,1,"4,23","14,29%",7,18,"4,23","38,89%","0,6"
fae code promo,EUR,"1,5","2,51","18,75%",8,12,"3,76","66,67%","0,47"
fae entreprise,EUR,"1,98","3,21","13,2%",15,39,"6,35","38,46%","0,42"
fae fr,EUR,"0,5","2,32",50%,1,3,"1,16","33,33%","1,16"
fae france abonnement,EUR,0,--,0%,4,6,"4,65","66,67%","1,16"
fae kiosque,EUR,"0,33","42,45","0,95%",35,63,"14,15","55,56%","0,4"
fae kiosque code promo,EUR,"4,12","4,83","11,78%",35,89,"19,9","39,33%","0,57"
fae magazine,EUR,0,--,0%,29,71,"10,62","40,85%","0,37"
france abonement,EUR,0,--,0%,15,20,"7,3",75%,"0,49"
france abonnement,EUR,4,"18,99","3,45%",116,480,"75,96","24,17%","0,65"
france abonnement,EUR,"124,31","7,55","3,32%",3746,5942,"939,15","63,04%","0,25"
france abonnement code,EUR,"18,37","14,55","5,35%",343,927,"267,2",37%,"0,78"
france abonnement code promo,EUR,"21,76","17,48",7%,311,502,"380,31","61,95%","1,22"
france abonnement entreprise,EUR,"17,77","9,19","3,1%",574,984,"163,41","58,33%","0,28"
france abonnement entreprise avis,EUR,0,--,0%,2,15,"2,06","13,33%","1,03"
france abonnement entreprise contact,EUR,1,"5,18","9,09%",11,27,"5,18","40,74%","0,47"
france abonnement kiosque fae,EUR,"1,99","8,68","9,95%",20,41,"17,27","48,78%","0,86"
france abonnement magazine,EUR,"1,39","40,41","0,86%",161,482,"56,03","33,4%","0,35"
france abonnement réduction,EUR,"6,92","22,99",4%,173,792,"159,04","21,84%","0,92"
france abonnement service client,EUR,0,--,0%,15,45,"8,41","33,33%","0,56"
france abonnements,EUR,8,"6,03","7,92%",101,296,"48,27","34,12%","0,48"
france abonnements,EUR,47,"3,82","7,64%",615,1095,"179,36","56,16%","0,29"
france abonnements code promo,EUR,"3,07","36,21","4,1%",75,149,"111,29","50,34%","1,48"
france abonnements entreprises service clients,EUR,0,--,0%,10,32,"4,72","31,25%","0,47"
france presse abonnement,EUR,0,--,0%,10,24,"6,3","41,67%","0,63"
franceabonnement,EUR,2,"10,37",5%,40,64,"20,73","62,5%","0,52"
geo ado abonnement,EUR,0,--,0%,0,0,0,0%,--
geo ado magazine,EUR,0,--,0%,1,6,"0,51","16,67%","0,51"
golf magazine,EUR,"1,28","22,61","2,98%",43,332,"28,95","12,95%","0,67"
golf magazine abonnement,EUR,0,--,0%,8,30,"8,83","26,67%","1,1"
hebdomadaire enfant,EUR,0,--,0%,0,5,0,0%,--
hebdomadaire enfants,EUR,0,--,0%,0,0,0,0%,--
hebdomadaire pour enfant,EUR,0,--,0%,2,31,"0,86","6,45%","0,43"
jeune et bien etre magazine,EUR,0,--,0%,0,0,0,0%,--
jeune magazine,EUR,0,--,0%,0,0,0,0%,--
jeunesse magazine,EUR,0,--,0%,1,16,"0,77","6,25%","0,77"
journal d enfant,EUR,0,--,0%,1,5,"0,61",20%,"0,61"
journal d enfants,EUR,0,--,0%,0,17,0,0%,--
journal de enfants,EUR,0,--,0%,0,16,0,0%,--
journal de la petite enfance,EUR,0,--,0%,0,0,0,0%,--
journal des enfants,EUR,0,--,0%,1,34,"0,53","2,94%","0,53"
journal des enfants abonnement,EUR,0,--,0%,0,0,0,0%,--
journal enfance,EUR,0,--,0%,2,22,"1,39","9,09%","0,7"
journal enfant,EUR,0,--,0%,0,9,0,0%,--
journal enfants,EUR,0,--,0%,0,17,0,0%,--
journal hebdomadaire enfant,EUR,0,--,0%,0,0,0,0%,--
journal pour enfant,EUR,0,--,0%,1,29,"0,13","3,45%","0,13"
journal pour enfants,EUR,0,--,0%,1,33,"0,36","3,03%","0,36"
journal pour les enfants,EUR,0,--,0%,4,30,"1,9","13,33%","0,48"
journaux enfant,EUR,0,--,0%,2,26,"1,29","7,69%","0,65"
journaux enfants,EUR,0,--,0%,6,42,"2,64","14,29%","0,44"
journaux jeunesse,EUR,0,--,0%,0,19,0,0%,--
journaux pour enfant,EUR,0,--,0%,2,19,"0,2","10,53%","0,1"
journaux pour enfants,EUR,0,--,0%,4,62,"1,81","6,45%","0,45"
kiosque fae,EUR,0,--,0%,14,62,"9,8","22,58%","0,7"
kiosque fae,EUR,"21,39","7,01","7,11%",301,715,"149,97","42,1%","0,5"
kiosque fae abonnement,EUR,0,--,0%,20,51,"7,54","39,22%","0,38"
kiosque fae avis,EUR,0,--,0%,0,6,0,0%,--
kiosque fae code,EUR,0,--,0%,3,11,"3,22","27,27%","1,07"
kiosque fae code promo,EUR,0,--,0%,13,48,"5,46","27,08%","0,42"
kiosque fae fr,EUR,"2,09","12,7","5,97%",35,85,"26,52","41,18%","0,76"
kiosque fae fr code,EUR,0,--,0%,0,1,0,0%,--
kiosque magazine abonnement,EUR,0,--,0%,0,3,0,0%,--
kiosquefae,EUR,0,--,0%,7,13,"2,93","53,85%","0,42"
l express abonnement papier,EUR,0,--,0%,1,13,"3,21","7,69%","3,21"
la petite fabrique magazine,EUR,2,"1,01",50%,4,21,"2,02","19,05%","0,51"
le cycle abonnement,EUR,0,--,0%,2,32,"1,17","6,25%","0,59"
le cycle magazine,EUR,0,--,0%,11,214,"8,35","5,14%","0,76"
le cycle magazine abonnement,EUR,"1,33","4,86","10,25%",13,47,"6,48","27,66%","0,5"
le journal des enfant,EUR,0,--,0%,0,0,0,0%,--
le journal des enfants,EUR,0,--,0%,1,17,"0,78","5,88%","0,78"
le journal des enfants jde,EUR,0,--,0%,0,0,0,0%,--
le journal pour les enfants,EUR,0,--,0%,1,9,"0,26","11,11%","0,26"
le kiosque fae,EUR,0,--,0%,7,15,"3,24","46,67%","0,46"
le monde ado abonnement,EUR,0,--,0%,0,0,0,0%,--
le monde des ado abonnement,EUR,0,--,0%,0,0,0,0%,--
le monde des ado abonnement pas cher,EUR,0,--,0%,0,1,0,0%,--
le monde des ado magazine,EUR,0,--,0%,0,0,0,0%,--
le monde des ados abonnement,EUR,0,--,0%,0,1,0,0%,--
le monde des ados magazine,EUR,0,--,0%,0,0,0,0%,--
le petit journal enfant,EUR,0,--,0%,0,0,0,0%,--
le point abonnement,EUR,0,--,0%,0,5,0,0%,--
le point abonnement numérique,EUR,0,--,0%,1,26,"0,34","3,85%","0,34"
lepoint abonnement,EUR,0,--,0%,7,51,"4,32","13,73%","0,62"
livre pour enfant abonnement,EUR,0,--,0%,0,0,0,0%,--
livres bd revues jeunesse,EUR,0,--,0%,0,604,0,0%,--
magasin jeunesse,EUR,0,--,0%,0,0,0,0%,--
magasine ado,EUR,0,--,0%,0,44,0,0%,--
magasine enfant,EUR,0,--,0%,9,110,"2,32","8,18%","0,26"
magasine enfants,EUR,0,--,0%,1,16,"0,38","6,25%","0,38"
magasine jeunesse,EUR,0,--,0%,12,201,"3,48","5,97%","0,29"
magasine junior,EUR,0,--,0%,4,29,"2,37","13,79%","0,59"
magasine le point,EUR,0,--,0%,0,3,0,0%,--
magasine pour ado,EUR,0,--,0%,0,0,0,0%,--
magasine pour enfant,EUR,0,--,0%,1,31,"0,22","3,23%","0,22"
magasine pour enfants,EUR,0,--,0%,3,19,"0,43","15,79%","0,14"
magasines enfants,EUR,0,--,0%,1,31,"0,34","3,23%","0,34"
magazin ado,EUR,0,--,0%,1,1,"0,89",100%,"0,89"
magazin enfant,EUR,0,--,0%,0,0,0,0%,--
magazin enfants,EUR,0,--,0%,0,0,0,0%,--
magazin pour enfant,EUR,0,--,0%,0,0,0,0%,--
magazine abonnement enfant,EUR,0,--,0%,0,26,0,0%,--
magazine abonnement jeunesse,EUR,0,--,0%,1,21,"1,11","4,76%","1,11"
magazine actualité ado,EUR,0,--,0%,0,0,0,0%,--
magazine actualité jeunesse,EUR,0,--,0%,0,0,0,0%,--
magazine ado,EUR,0,--,0%,2,56,"0,5","3,57%","0,25"
magazine ado 15 ans,EUR,0,--,0%,0,10,0,0%,--
magazine ado 16 ans,EUR,0,--,0%,1,1,"0,17",100%,"0,17"
magazine ado actualité,EUR,0,--,0%,0,0,0,0%,--
magazine ado fille,EUR,0,--,0%,1,17,"0,14","5,88%","0,14"
magazine ado fille 16 ans,EUR,0,--,0%,0,2,0,0%,--
magazine ado garçon,EUR,0,--,0%,0,3,0,0%,--
magazine adolescent,EUR,0,--,0%,1,13,"0,28","7,69%","0,28"
magazine adolescent fille,EUR,0,--,0%,0,8,0,0%,--
magazine adolescente,EUR,0,--,0%,0,11,0,0%,--
magazine ados,EUR,0,--,0%,0,12,0,0%,--
magazine animaux enfant,EUR,0,--,0%,0,13,0,0%,--
magazine animaux enfants,EUR,0,--,0%,0,1,0,0%,--
magazine animaux jeunesse,EUR,0,--,0%,0,1,0,0%,--
magazine art enfant,EUR,0,--,0%,0,1,0,0%,--
magazine auto moto,EUR,0,--,0%,1,46,"0,37","2,17%","0,37"
magazine auto moto abonnement,EUR,0,--,0%,0,0,0,0%,--
magazine bd ado,EUR,0,--,0%,0,3,0,0%,--
magazine beaux arts abonnement,EUR,0,--,0%,0,0,0,0%,--
magazine catholique jeunesse,EUR,0,--,0%,0,0,0,0%,--
magazine cheval abonnement,EUR,0,--,0%,4,59,"1,36","6,78%","0,34"
magazine cycle,EUR,0,--,0%,9,138,"7,25","6,52%","0,81"
magazine d ado,EUR,0,--,0%,0,0,0,0%,--
magazine de jeunesse,EUR,0,--,0%,3,32,"1,32","9,38%","0,44"
magazine de mode pour ado,EUR,0,--,0%,0,1,0,0%,--
magazine des enfants,EUR,0,--,0%,2,38,"0,46","5,26%","0,23"
magazine des jeunes,EUR,0,--,0%,0,0,0,0%,--
magazine documentaire jeunesse,EUR,0,--,0%,0,0,0,0%,--
magazine enfance,EUR,0,--,0%,2,43,"0,41","4,65%","0,21"
magazine enfant abonnement,EUR,0,--,0%,1,17,"0,37","5,88%","0,37"
magazine enfant animaux,EUR,0,--,0%,0,4,0,0%,--
magazine enfant fille,EUR,0,--,0%,0,6,0,0%,--
magazine enfant fr,EUR,0,--,0%,0,1,0,0%,--
magazine enfant pas cher,EUR,0,--,0%,16,65,"8,02","24,62%","0,5"
magazine enfants,EUR,0,--,0%,7,96,"2,59","7,29%","0,37"
magazine enfants animaux,EUR,0,--,0%,0,1,0,0%,--
magazine enfznt,EUR,0,--,0%,0,0,0,0%,--
magazine fille ado,EUR,0,--,0%,1,9,"0,36","11,11%","0,36"
magazine foot ado,EUR,0,--,0%,0,0,0,0%,--
magazine geo ado,EUR,0,--,0%,0,0,0,0%,--
magazine géo ado,EUR,0,--,0%,0,0,0,0%,--
magazine hebdomadaire jeunesse,EUR,0,--,0%,0,2,0,0%,--
magazine histoire ado,EUR,0,--,0%,0,2,0,0%,--
magazine histoire enfant,EUR,0,--,0%,0,0,0,0%,--
magazine jeune,EUR,0,--,0%,2,17,"0,54","11,76%","0,27"
magazine jeune adulte,EUR,0,--,0%,0,0,0,0%,--
magazine jeune fille,EUR,0,--,0%,0,0,0,0%,--
magazine jeunes,EUR,0,--,0%,0,12,0,0%,--
magazine jeunes années,EUR,0,--,0%,0,0,0,0%,--
magazine jeunesse,EUR,0,--,0%,4,130,"2,29","3,08%","0,57"
magazine jeunesse ado,EUR,0,--,0%,0,3,0,0%,--
magazine jeunesse animaux,EUR,0,--,0%,0,1,0,0%,--
magazine jeunesse fille,EUR,0,--,0%,1,31,"0,96","3,23%","0,96"
magazine la petite fabrique,EUR,0,--,0%,3,12,"1,31",25%,"0,44"
magazine le monde des ado,EUR,0,--,0%,0,0,0,0%,--
magazine littérature jeunesse,EUR,0,--,0%,0,0,0,0%,--
magazine mensuel enfant,EUR,0,--,0%,0,0,0,0%,--
magazine mieux vivre votre argent abonnement,EUR,0,--,0%,7,58,"3,6","12,07%","0,51"
magazine mode ado,EUR,0,--,0%,1,1,"0,55",100%,"0,55"
magazine mode enfant,EUR,0,--,0%,0,0,0,0%,--
magazine nature enfant,EUR,0,--,0%,1,4,"0,46",25%,"0,46"
magazine pour ado,EUR,0,--,0%,4,35,"1,71","11,43%","0,43"
magazine pour ado de 16 ans,EUR,0,--,0%,0,5,0,0%,--
magazine pour ado fille,EUR,0,--,0%,0,0,0,0%,--
magazine pour ado fille 12 ans,EUR,0,--,0%,0,2,0,0%,--
magazine pour ado garçon,EUR,0,--,0%,0,1,0,0%,--
magazine pour adolescent,EUR,0,--,0%,0,6,0,0%,--
magazine pour ados,EUR,0,--,0%,2,32,"0,38","6,25%","0,19"
magazine pour enfant,EUR,0,--,0%,9,95,"4,62","9,47%","0,51"
magazine pour enfants,EUR,0,--,0%,3,40,"3,56","7,5%","1,19"
magazine pour jeune,EUR,0,--,0%,0,0,0,0%,--
magazine pour jeune fille,EUR,0,--,0%,6,47,"5,54","12,77%","0,92"
magazine pour jeunes,EUR,0,--,0%,4,41,"1,9","9,76%","0,48"
magazine pour les enfants,EUR,0,--,0%,2,22,"0,93","9,09%","0,47"
magazine pour les jeunes,EUR,0,--,0%,14,233,"6,25","6,01%","0,45"
magazine programme tv,EUR,0,--,0%,9,132,"4,54","6,82%","0,5"
magazine scientifique enfant,EUR,0,--,0%,0,0,0,0%,--
magazine scientifique jeunesse,EUR,0,--,0%,0,0,0,0%,--
magazine wider,EUR,0,--,0%,1,1,"0,72",100%,"0,72"
magazines ado,EUR,0,--,0%,2,66,"0,74","3,03%","0,37"
magazines adolescents,EUR,0,--,0%,0,0,0,0%,--
magazines ados,EUR,0,--,0%,0,7,0,0%,--
magazines enfant,EUR,0,--,0%,0,30,0,0%,--
magazines enfants,EUR,0,--,0%,4,43,"1,99","9,3%","0,5"
magazines jeunes,EUR,0,--,0%,0,1,0,0%,--
magazines jeunesse,EUR,0,--,0%,4,123,"1,31","3,25%","0,33"
magazines pour ado,EUR,0,--,0%,0,2,0,0%,--
magazines pour ados,EUR,0,--,0%,1,44,"0,36","2,27%","0,36"
magazines pour enfant,EUR,0,--,0%,3,29,"0,48","10,34%","0,16"
magazines pour enfants,EUR,0,--,0%,3,36,"0,84","8,33%","0,28"
magazines pour les ados,EUR,0,--,0%,0,0,0,0%,--
magazines pour les jeunes,EUR,0,--,0%,0,0,0,0%,--
meilleur magazine adolescent,EUR,0,--,0%,1,7,"0,84","14,29%","0,84"
meilleur magazine enfant,EUR,0,--,0%,0,0,0,0%,--
meilleur magazine jeunesse,EUR,0,--,0%,0,3,0,0%,--
mensuel enfant,EUR,0,--,0%,1,16,"1,21","6,25%","1,21"
mensuel pour enfant,EUR,0,--,0%,0,1,0,0%,--
milan magazine jeunesse,EUR,0,--,0%,0,0,0,0%,--
onze mondial abonnement,EUR,0,--,0%,18,118,"15,45","15,25%","0,86"
plus de mag,EUR,0,--,0%,1,29,"0,24","3,45%","0,24"
plus de mags,EUR,0,--,0%,0,5,0,0%,--
plusdemag,EUR,0,--,0%,0,1,0,0%,--
plusdemags,EUR,0,--,0%,3,20,"0,13",15%,"0,04"
premiere magazine,EUR,0,--,0%,15,173,"8,08","8,67%","0,54"
presse enfance,EUR,0,--,0%,1,55,"0,08","1,82%","0,08"
presse enfant,EUR,0,--,0%,3,31,"0,99","9,68%","0,33"
presse enfantine,EUR,0,--,0%,0,3,0,0%,--
presse enfants,EUR,0,--,0%,1,32,"0,97","3,13%","0,97"
presse jeune,EUR,0,--,0%,0,1,0,0%,--
presse jeunesse,EUR,0,--,0%,4,51,"1,39","7,84%","0,35"
presse pour enfant,EUR,0,--,0%,0,6,0,0%,--
presse pour enfants,EUR,0,--,0%,3,49,"1,45","6,12%","0,48"
presse pour les jeunes,EUR,0,--,0%,0,20,0,0%,--
programme tv abonnement,EUR,0,--,0%,2,30,"1,59","6,67%","0,8"
programme tv abonnement,EUR,0,--,0%,2,38,"1,59","5,26%","0,8"
promo abonnement valeurs actuelles,EUR,0,--,0%,5,40,"2,7","12,5%","0,54"
promo france abonnement,EUR,1,"0,59",100%,1,1,"0,59",100%,"0,59"
promo france abonnement,EUR,0,--,0%,3,8,"3,45","37,5%","1,15"
quel magazine pour ado,EUR,0,--,0%,0,16,0,0%,--
quotidien journal enfant,EUR,0,--,0%,0,1,0,0%,--
quotidien pour enfants,EUR,0,--,0%,0,0,0,0%,--
reduction fae,EUR,1,"2,25","33,33%",3,14,"2,25","21,43%","0,75"
reduction france abonnement,EUR,0,--,0%,0,2,0,0%,--
reduction france abonnement,EUR,3,"12,28","13,04%",23,53,"36,83","43,4%","1,6"
reduction kiosque fae,EUR,0,--,0%,1,5,"0,67",20%,"0,67"
revu enfant,EUR,0,--,0%,0,21,0,0%,--
revue enfance,EUR,0,--,0%,1,22,"0,22","4,55%","0,22"
revue enfant,EUR,0,--,0%,3,31,"1,17","9,68%","0,39"
revue enfants,EUR,0,--,0%,0,26,0,0%,--
revue jeunes,EUR,0,--,0%,0,0,0,0%,--
revue jeunesse,EUR,0,--,0%,1,39,"0,14","2,56%","0,14"
revue jeunesse abonnement,EUR,0,--,0%,1,24,"0,35","4,17%","0,35"
revue junior,EUR,0,--,0%,11,185,"4,04","5,95%","0,37"
revue la petite fabrique,EUR,0,--,0%,0,4,0,0%,--
revue pour adolescent,EUR,0,--,0%,0,12,0,0%,--
revue pour enfant,EUR,0,--,0%,4,24,"1,6","16,67%","0,4"
revue pour enfants,EUR,0,--,0%,6,31,"2,33","19,35%","0,39"
revue pour jeunes,EUR,0,--,0%,0,0,0,0%,--
revue pour les enfants,EUR,0,--,0%,0,16,0,0%,--
revue pour les jeunes,EUR,0,--,0%,0,2,0,0%,--
revue scientifique enfant,EUR,0,--,0%,0,22,0,0%,--
revue scientifique jeunesse,EUR,0,--,0%,0,0,0,0%,--
revue scientifique pour jeunes,EUR,0,--,0%,0,0,0,0%,--
revues enfance,EUR,0,--,0%,0,3,0,0%,--
revues enfant,EUR,0,--,0%,0,30,0,0%,--
revues enfants,EUR,0,--,0%,1,34,"0,25","2,94%","0,25"
revues jeunesse,EUR,0,--,0%,1,23,"0,43","4,35%","0,43"
revues pour enfants,EUR,0,--,0%,4,50,"1,36",8%,"0,34"
sorcières magazine,EUR,0,--,0%,0,45,0,0%,--
Sudoku Irrégulier,EUR,0,--,0%,0,2,0,0%,--
Sudoku Super,EUR,0,--,0%,1,118,"0,74","0,85%","0,74"
sudoku ultra,EUR,0,--,0%,0,0,0,0%,--
télé cable sat abonnement,EUR,2,"20,46","5,88%",34,198,"40,91","17,17%","1,2"
télé câble sat abonnement,EUR,"1,05","46,44","2,1%",50,260,"48,73","19,23%","0,97"
télé cable satellite abonnement,EUR,1,"11,86","16,67%",6,31,"11,86","19,35%","1,98"
telecable abonnement,EUR,7,"6,88","18,92%",37,122,"48,15","30,33%","1,3"
telecable satellite abonnement,EUR,0,--,0%,1,7,"0,57","14,29%","0,57"
telecablesat abonnement,EUR,0,--,0%,35,139,"38,5","25,18%","1,1"
time abonnement,EUR,0,--,0%,1,26,"1,03","3,85%","1,03"
valeurs actuelles abonnement,EUR,0,--,0%,0,0,0,0%,--
valeurs actuelles abonnement,EUR,0,--,0%,12,126,"3,62","9,52%","0,3"
valeurs actuelles abonnement papier,EUR,0,--,0%,0,4,0,0%,--
wider magazine,EUR,0,--,0%,1,7,"0,68","14,29%","0,68"
www clients fae fr,EUR,0,--,0%,1,6,"0,52","16,67%","0,52"
www kiosque,EUR,0,--,0%,0,19,0,0%,--
www kiosque fae,EUR,0,--,0%,0,7,0,0%,--
www kiosque fae fr,EUR,0,--,0%,30,56,"17,38","53,57%","0,58"
yoga magazine abonnement,EUR,0,--,0%,1,8,"0,26","12,5%","0,26"